eyelids,1617
featureless_(disambiguation),1103
himbo,1035
broken,655
shape_shifter,650
collage_(disambiguation),623
stroking_(disambiguation),591
boyfriends,370
model,305
heavy_(disambiguation),264
rendered,229
adult,223
sly,202
cloudy_(disambiguation),192
series_(disambiguation),190
crack_ship,179
torso,174
wish,174
pucker_(disambiguation),145
trunk_(disambiguation),137
closed_(disambiguation),132
meeting_(disambiguation),130
oriental,129
sexual_contact,113
predator_(disambiguation),110
implants_(disambiguation),108
fiction,99
living_(disambiguation),89
cyber_(disambiguation),83
stimulation,82
heat_(disambiguation),82
void_(disambiguation),80
mouth,77
tiny_(disambiguation),76
flagging_(disambiguation),76
shrink_(disambiguation),75
smash_(disambiguation),73
game_(disambiguation),71
rough_(disambiguation),69
slip_(disambiguation),64
copyright,58
bandit_(disambiguation),58
chick_(disambiguation),55
surface,54
close_(disambiguation),54
juice_(disambiguation),53
sandworm_(disambiguation),53
cut_(disambiguation),52
big_mouth_(disambiguation),52
recolor_(disambiguation),52
trip_(disambiguation),52
butt_rubbing_(disambiguation),52
spurt_(disambiguation),51
blur_(disambiguation),51
beast_(disambiguation),50
ruined_clothing,48
crest_(disambiguation),48
lucifer_(disambiguation),48
shapeshifter,47
bulging_(disambiguation),47
squash_(disambiguation),47
ash_(disambiguation),47
exotic_species,46
changing_(disambiguation),46
melting_clothes,46
vanilla_(disambiguation),43
general_(disambiguation),42
film_(disambiguation),42
fae_(disambiguation),42
fury_(disambiguation),42
nova_(disambiguation),41
light_sub_dark_dom,41
carnival_(disambiguation),40
pouch_(disambiguation),39
mint_(disambiguation),39
elemental_(disambiguation),39
orion_(disambiguation),39
mind_(disambiguation),37
page_(disambiguation),37
roommates_(disambiguation),36
stout_(disambiguation),35
maine_(disambiguation),35
ren_(disambiguation),34
lilac_(disambiguation),34
fake_(disambiguation),34
lump_(disambiguation),34
kit_(disambiguation),33
filling_(disambiguation),32
unknown_(disambiguation),32
prey_(disambiguation),32
multiple_(disambiguation),31
amber_(disambiguation),31
pat_(disambiguation),30
triangle_(disambiguation),29
leo_(disambiguation),28
mocha_(disambiguation),28
implied_homosexuality,27
together_(disambiguation),27
foxy_(disambiguation),27
fritz_(disambiguation),27
behemoth_(disambiguation),27
kira_(disambiguation),27
sarah_(disambiguation),27
charlie_(disambiguation),26
kami_(disambiguation),26
starlight_(disambiguation),26
joe_(disambiguation),26
kai_(disambiguation),26
sabre_(disambiguation),25
haru_(disambiguation),25
jack_(disambiguation),25
mary_(disambiguation),25
lisa_(disambiguation),25
alice_(disambiguation),25
mike_(disambiguation),25
karen_(disambiguation),25
rachel_(disambiguation),25
torture_rack_(disambiguation),25
matt_(disambiguation),25
roland_(disambiguation),25
krista_(disambiguation),25
carnivore,24
melody_(disambiguation),24
cinnamon_(disambiguation),24
casey_(disambiguation),24
tj_(disambiguation),24
dragonborn_(disambiguation),24
kay_(disambiguation),24
damian_(disambiguation),24
xander_(disambiguation),23
basilisk_(disambiguation),23
buck_(disambiguation),23
draft_(disambiguation),23
tanya_(disambiguation),23
tammy_(disambiguation),23
avery_(disambiguation),23
rebecca_(disambiguation),23
lexi_(disambiguation),23
shota_raped,23
erika_(disambiguation),23
wolfie_(disambiguation),23
aria_(disambiguation),23
rpg_(disambiguation),22
mature_(disambiguation),22
shear_(disambiguation),22
sasha_(disambiguation),22
mimi_(disambiguation),22
oliver_(disambiguation),22
cum_in_top's_ass,22
conversion_(disambiguation),22
jenny_(disambiguation),22
kylie_(disambiguation),22
kat_(disambiguation),22
ready_(disambiguation),21
alex_(disambiguation),21
kuro_(disambiguation),21
gummy_(disambiguation),21
archie_(disambiguation),21
jess_(disambiguation),21
noah_(disambiguation),21
rena_(disambiguation),21
suri_(disambiguation),21
gow_(disambiguation),21
peaches_(disambiguation),21
calf_(disambiguation),21
blossom_(disambiguation),20
umbra_(disambiguation),20
chris_(disambiguation),20
henry_(disambiguation),20
kali_(disambiguation),20
titan_(disambiguation),20
arms,19
4,19
jade_(disambiguation),19
small_(disambiguation),19
thomas_(disambiguation),19
danny_(disambiguation),19
riley_(disambiguation),19
eric_(disambiguation),19
zach_(disambiguation),19
angela_(disambiguation),19
xeno_(disambiguation),19
mystic_(disambiguation),19
david_(disambiguation),18
break_(disambiguation),18
nox_(disambiguation),18
dylan_(disambiguation),18
milo_(disambiguation),18
blaze_(disambiguation),18
sammy_(disambiguation),18
moki_(disambiguation),18
juniper_(disambiguation),18
riptide_(disambiguation),18
calf,17
longing,17
before,17
lovely,17
flat_(disambiguation),17
ember_(disambiguation),17
team_(disambiguation),17
duke_(disambiguation),17
sylvia_(disambiguation),17
mark_(disambiguation),17
samantha_(disambiguation),17
web_(disambiguation),17
biscuit_(disambiguation),17
kevin_(disambiguation),17
levi_(disambiguation),17
jun_(disambiguation),17
mac_(disambiguation),17
ellie_(disambiguation),17
kori_(disambiguation),17
donovan_(disambiguation),17
chloe_(disambiguation),17
expecting,16
wild_dog_(disambiguation),16
horned_lizard_(disambiguation),16
cass_(disambiguation),16
gina_(disambiguation),16
olivia_(disambiguation),16
leon_(disambiguation),16
may_(disambiguation),16
painted_(disambiguation),16
mila_(disambiguation),16
jinny_(disambiguation),16
hex_(disambiguation),16
blitz_(disambiguation),15
molly_(disambiguation),15
lee_(disambiguation),15
elias_(disambiguation),15
mia_(disambiguation),15
ryuu_(disambiguation),15
rory_(disambiguation),15
julie_(disambiguation),15
sabrina_(disambiguation),15
hana_(disambiguation),15
willow_(disambiguation),15
dana_(disambiguation),15
val_(disambiguation),15
theme,14
boo_(disambiguation),14
john_(disambiguation),14
zip_(disambiguation),14
sara_(disambiguation),14
redness,13
topping,13
on_anthro,13
sing_(disambiguation),13
lyra_(disambiguation),13
baphomet_(disambiguation),13
venus_(disambiguation),13
anne_(disambiguation),13
belle_(disambiguation),13
breathing_tube_(disambiguation),13
andy_(disambiguation),13
bruce_(disambiguation),13
emilio_(disambiguation),13
katie_(disambiguation),13
bethany_(disambiguation),13
linda_(disambiguation),13
neil_(disambiguation),13
ophelia_(disambiguation),13
alexandra_(disambiguation),13
cynthia_(disambiguation),13
isabella_(disambiguation),13
darius_(disambiguation),13
cleo_(disambiguation),13
in_hair,12
pearl_(disambiguation),12
letter_(disambiguation),12
heroes_(disambiguation),12
isis_(disambiguation),12
reggie_(disambiguation),12
sable_(disambiguation),12
rex_(disambiguation),12
lydia_(disambiguation),12
klaus_(disambiguation),12
jane_(disambiguation),12
michael_(disambiguation),12
nigel_(disambiguation),12
mikey_(disambiguation),12
jacob_(disambiguation),12
vicky_(disambiguation),12
sally_(disambiguation),12
serena_(disambiguation),12
crimson_(disambiguation),12
hump_(disambiguation),12
cocoa_(disambiguation),12
sapphire_(disambiguation),11
jasper_(disambiguation),11
ray_(disambiguation),11
annie_(disambiguation),11
snaggletooth_(disambiguation),11
spitfire_(disambiguation),11
arthur_(disambiguation),11
bob_(disambiguation),11
jude_(disambiguation),11
terry_(disambiguation),11
theo_(disambiguation),11
trixie_(disambiguation),11
sierra_(disambiguation),11
nico_(disambiguation),11
fay_(disambiguation),11
johnny_(disambiguation),11
ruth_(disambiguation),11
de,10
azure_(disambiguation),10
lance_(disambiguation),10
monica_(disambiguation),10
clyde_(disambiguation),10
experiment_(disambiguation),10
alan_(disambiguation),10
clara_(disambiguation),10
hanna_(disambiguation),10
nikita_(disambiguation),10
scarlet_(disambiguation),10
izzy_(disambiguation),10
rin_(disambiguation),10
helios_(disambiguation),10
