highres,8208917
commentary_request,6367764
commentary,3264438
absurdres,3019805
bad_id,1464330
english_commentary,1334262
bad_pixiv_id,1111404
translation_request,860198
photoshop_(medium),709731
translated,654372
official_art,545002
commission,339507
untranslatable_commentary,337686
chinese_commentary,322912
bad_twitter_id,253947
variant_set,233214
korean_commentary,202678
non-web_source,181338
game_asset,172806
partial_commentary,160289
artist_request,144144
animated,134228
paid_reward_available,132825
traditional_media,127995
copyright_request,124103
md5_mismatch,116690
skeb_commission,114075
lowres,113095
large_variant_set,112544
third-party_source,106650
second-party_source,103914
scan,94559
mixed-language_commentary,87189
video,83726
revision,83197
character_request,74442
bad_link,60312
self-datamine,49585
spoilers,47724
visual_novel_cg,44559
pixiv_commission,44412
check_translation,43782
duplicate,42658
sound,35932
protected_link,35835
source_request,34599
resolution_mismatch,32670
painting_(medium),31562
self-upload,30170
inactive_account,28327
textless_version,27944
third-party_edit,27928
jpeg_artifacts,27360
photo_(medium),27097
pixel-perfect_duplicate,26894
animated_gif,26773
bad_fc2_link,26703
bad_source,26101
bad_tumblr_id,25282
derivative_work,25161
dated_commentary,23839
unfinished,23777
partially_translated,23489
looping_animation,23142
watercolor_(medium),22813
check_commentary,22798
ugoira,22736
marker_(medium),18514
ai-generated,18412
tall_image,17872
paid_reward,17638
source_smaller,17264
promotional_art,15785
anime_screenshot,15684
cropped,15559
alt_text,15519
making-of_available,15075
painttool_sai_(medium),14471
commissioner_upload,13969
source_larger,13919
audible_music,13706
graphite_(medium),13623
clip_studio_paint_(medium),13388
photo-referenced,12582
audible_speech,12516
corrupted_twitter_file,11724
image_sample,11139
adversarial_noise,10977
imageboard_desourced,10844
bilingual_commentary,10827
artist_collaboration,10730
official_wallpaper,10609
colorized,9921
official_artist_extra,9781
novel_illustration,9421
bad_deviantart_id,9007
patreon_reward,8978
off-topic,8698
has_bad_revision,8445
ai-assisted,8369
concept_art,8143
procreate_(medium),8127
colored_pencil_(medium),7623
clothing_request,7458
magazine_scan,7258
hard-translated,7102
mihuashi_commission,6973
resized,6752
incredibly_absurdres,6686
pen_(medium),6564
bad_twitter_link,6234
spanish_commentary,6056
bad_nicoseiga_id,5751
making-of,5686
voice_drama_available,5572
screenshot,5378
screenshot_redraw,5241
mixed_media,5103
artbook,4885
pixiv_sample,4780
flower_request,4729
check_copyright,4562
english_audio,4438
japanese_audio,4374
blender_(medium),4367
tagme,4322
fan_request,4320
card_commentary,4257
alternate_language,4085
scan_artifacts,4049
merchandise_available,3999
fanbox_reward,3872
annotated,3695
live2d,3680
has_censored_revision,3670
romaji_commentary,3625
bad_lofter_id,3539
redrawn,3535
stitched,3529
key_visual,3427
check_character,3370
multi-source_commentary,3342
paint.net_(medium),3337
thai_commentary,3334
bad_tumblr_link,3253
guest_art,3246
check_artist,3134
upscaled,3107
acrylic_paint_(medium),2961
gift_art,2926
production_art,2809
gender_request,2782
downscaled,2779
archived_source,2689
bad_bcy_id,2685
bad_drawr_id,2666
food_request,2600
wide_image,2561
vgen_commission,2555
russian_commentary,2490
millipen_(medium),2482
nude_filter,2345
weapon_request,2323
has_downscaled_revision,2269
unconventional_media,2255
gimp_(medium),2215
cosplay_photo,2191
ibispaint_(medium),2106
alpha_transparency,2093
vector_trace,2039
figure_(medium),2036
crease,2019
bad_nico_seiga_link,1950
bad_imgur_id,1903
lossy-lossless,1825
oil_painting_(medium),1790
multilingual_commentary,1721
fancy_embedded_notes,1711
commentary_typo,1660
art_study,1607
nib_pen_(medium),1558
third-party_watermark,1500
engrish_commentary,1496
decensored,1494
bad_hentai_foundry_id,1490
bad_discord_link,1489
album_cover_redraw,1448
bad_patreon_id,1427
self-portrait,1415
completion_time,1369
game_screenshot,1351
koikatsu_(medium),1312
detexted,1283
end_card,1278
paint_chat_(medium),1264
aliasing,1231
bad_nijie_id,1227
flash,1202
microsoft_paint_(medium),1196
comic_panel_redraw,1189
headwear_request,1172
mikumikudance_(medium),1165
annotation_request,1156
source_mismatch,1108
ych_commission,1101
bad_blogspot_link,1099
ballpoint_pen_(medium),1072
fantia_reward,1041
psd_available,1038
bad_instagram_id,1008
adoptable,993
bad_weibo_id,987
music_video,982
check_clothing,970
bad_poipiku_id,970
60+fps,951
audible_internal_cumshot,946
imageboard_first-party_source,939
object_request,918
twitter_sample,901
pdf_available,900
story_in_commentary,879
bad_facebook_link,874
french_commentary,870
watercolor_pencil_(medium),838
calligraphy_brush_(medium),836
enty_reward,835
bad_fanbox_id,828
thumbnail_collage,814
countdown_illustration,802
waifu2x,802
tumblr_sample,791
ruffle_compatible,781
indonesian_commentary,779
origins,765
vehicle_request,759
krita_(medium),759
epilepsy_warning,753
pastel_(medium),747
hard-translated_(non-english),747
bad_arca.live_id,744
costume_request,735
bad_artstation_id,733
third-party_extraction,732
artist-provided_artwork,730
eyecatch,719
spine_(medium),712
source_filmmaker_(medium),705
portuguese_commentary,699
meme_request,689
parody_request,686
corrupted_metadata,671
contest_winner,661
24-hour_relay,659
bad_yandere_id,643
reverse_translation,642
e-hentai_sample,640
artstation_sample,633
traditional_chinese_commentary,623
ko-fi_commission,615
bad_piapro_id,614
figure_available,613
deviantart_sample,611
bmp-to-png_conversion,610
partially_annotated,609
mousepad_(medium),606
bad_mihuashi_id,602
papercraft_(medium),599
video_thumbnail,589
tegaki_draw_and_tweet,576
exif_rotation,549
official_art_redraw,545
rotated,544
german_commentary,536
headshop,532
cosplay_request,530
vietnamese_commentary,525
art_trade,504
variant_set_available,499
yandere_sample,497
bad_weibo_link,473
paywall_cliffhanger,467
game_model,463
hairstyle_request,460
hatsune_miku_(voicebank),448
medium_request,432
figure-referenced,432
animal_request,422
bad_fantia_id,420
corrupted_file,418
fanfiction_available,408
emofuri,400
ascii_art_commentary,398
magazine_request,398
bad_facebook_id,385
merged_layers,382
plant_request,382
first-party_extraction,378
bird_request,375
has_watermarked_revision,374
zbrush_(medium),371
collage_(medium),367
animated_png,366
chinese_audio,366
sprite_redraw,360
color_ink_(medium),354
self-scan,353
ugoira_conversion,352
bad_pinterest_link,351
flower_stand_art,346
maya_(medium),343
masking_tape_(medium),343
bad_miyoushe_link,340
check_gender,324
volume_warning,323
ai-generated_background,320
missing_commentary,313
pose_request,311
bad_ameba_link,308
stable_diffusion,298
bad_pawoo_id,295
app_filter,294
bad_daum_id,294
gouache_(medium),293
italian_commentary,293
cameo_request,288
lossless-lossy,287
video_game_cover_redraw,286
reversed,285
medibang_paint_(medium),281
youtube_video_thumbnail,276
bad_4chan_link,274
art_fight_attack,273
has_cropped_revision,271
roulette_animation,265
color_halftone,263
mecha_request,262
korean_audio,261
character_counter_request,261
gif_artifacts,258
flipnote_studio_(medium),257
custom_maid_3d_2,244
gumroad_reward,244
download_link,244
non-repeating_animation,242
gibberish_commentary,242
thumbnail_surprise,240
aseprite_(medium),231
nai_diffusion,229
bad_bilibili_id,229
reference_request,228
hair_ornament_request,227
still_animation,227
song_request,223
bad_vkontakte_id,223
check_source,219
blueprint_(medium),215
color_study,214
autodesk_3ds_max_(medium),213
bad_tinami_id,210
gesture_request,210
recolored,209
sound_effect_request,204
bad_aspect_ratio,204
acrylic_stand_(medium),201
flash_game,201
bad_newgrounds_id,198
bad_postype_id,197
vocal_synthesizer_audio,195
magma_(medium),192
bad_reddit_id,190
fixed,189
zip_available,188
bad_bilibili_link,184
meme_attire_request,183
style_request,183
bad_dc_inside_id,182
bleed_through,181
bad_baraag_id,180
color_banding,179
neckwear_request,179
kasane_teto_(voicebank),178
animal_ear_request,167
lego_(medium),164
creature_request,163
paper_cutout_(medium),163
food_art_(medium),163
metadata_reference,162
bad_artstation_link,160
nicoseiga_sample,160
drawpile_(medium),160
transcoded,156
background_request,154
bad_drawcrowd_id,152
bad_blogspot_id,151
bad_bluesky_id,150
naver_sample,150
has_artifacted_revision,146
bad_tinami_link,146
fashion_style_request,144
latin_commentary,144
cleaned,140
nurimas,139
comic_cover_redraw,138
bad_plurk_link,133
footwear_request,132
bad_skeb_id,132
location_request,131
adobe_animate_(medium),127
fish_request,127
mixed-language_audio,124
voice_actor_drawing_own_character,123
has_adversarial_noise_revision,123
crayon_(medium),122
bad_reddit_link,121
ukrainian_commentary,120
color_issue,119
postage_stamp_(medium),119
kisekae,117
twitter_banner,116
model_kit_(medium),116
stop_motion_animation,114
instrument_request,114
bad_vkontakte_link,114
dog_request,113
art_program_request,112
lighting_study,112
mojibake_commentary,112
cinema_4d_(medium),111
cosplay-referenced,110
adobe_firefly_(medium),110
bad_tistory_link,109
brush_(medium),109
arabic_commentary,109
bad_ruliweb_link,108
rotoscoping,107
cursor_(medium),106
poorly_translated,105
has_lossy_revision,105
animatic,104
book_cover_redraw,102
avatar_generator,102
spanish_audio,100
third-party_ai_edit,100
emotelab_(medium),98
slideshow_animation,97
check_vehicle,97
constellation_request,96
bad_fandom_id,95
opencanvas_(medium),95
huashijie_(medium),95
second-party_edit,95
easytoon_(medium),94
adobe_illustrator_(medium),93
bad_misskey.io_id,93
vrchat_(medium),93
rule34.xxx_sample,92
picrew_(medium),91
bad_pawoo_link,88
check_weapon,88
alight_motion_(medium),87
bad_tistory_id,87
unreal_engine_(medium),86
fiverr_commission,86
3d_custom_girl,86
bad_carrd_link,84
binding_discoloration,82
greek_commentary,81
charcoal_(medium),81
print_(medium),81
magicaldraw_(medium),80
airbrush_(medium),80
fake_translation,80
doll_(medium),79
bad_lofter_link,79
reference_photo,77
expression_request,77
anatomy_study,77
bad_e-hentai_link,77
exif_thumbnail_surprise,77
daz_studio_(medium),75
corrected_aspect_ratio,74
after_effects_(medium),74
check_flower,73
rebelle_(medium),72
check_spoilers,72
bad_google+_id,72
acrylic_gouache_(medium),71
check_food,71
environment_study,71
webp-to-png_conversion,70
bad_cgsociety_id,70
bad_cghub_id,70
bad_e-hentai_id,70
zalgo_commentary,69
line_sticker_available,68
clay_(medium),68
bad_paheal_link,68
felt_(medium),68
swedish_audio,67
latte_art_(medium),66
mihuashi_sample,66
bad_xiaohongshu_id,65
midjourney,65
garry's_mod_(medium),65
corel_painter_(medium),65
bad_deviantart_link,64
custom_order_maid_3d_2,64
bad_furaffinity_link,64
coupy_pencil_(medium),64
pattern_request,62
wallpaper_forced,62
noise_reduction,62
xnalara_(medium),61
heic-to-png_conversion,60
vector_art,60
autodesk_sketchbook_(medium),60
bad_youtube_id,60
wigglypaint_(medium),59
fruit_request,58
reference_work_request,58
heavy_adversarial_noise,57
crepe_commission,57
engraving_(medium),56
low_bitrate,56
firealpaca_(medium),55
bad_dlsite_link,55
ai-synthesized_speech,54
morse_code_commentary,54
drawcrowd_sample,54
postcard_(medium),53
fantia_commission,53
check_animal,52
scan_dust,52
check_annotation,51
bad_nijie_link,51
unity_(medium),51
