highres,3163747
absurdres,944575
commentary_request,894950
translation_request,444142
commentary,412042
official_art,225066
english_commentary,163646
translated,147483
tagme,142453
bad_id,88170
chinese_commentary,78603
artist_request,72757
traditional_media,72505
character_request,70474
lowres,69836
commission,51852
copyright_request,40433
symbol-only_commentary,37776
scan,35134
game_cg,32151
non-web_source,27598
english,26928
korean_commentary,26050
revision,25863
spoilers,23638
second-party_source,18837
wallpaper,18557
huge_filesize,18160
third-party_source,18053
animated_gif,17945
skeb_commission,17762
text,15597
hashtag-only_commentary,15596
animated,15086
watercolor_(medium),15007
partial_commentary,14063
mixed-language_commentary,13326
painting_(medium),12470
long_image,11952
variant_set,11905
jpeg_artifacts,10552
tall_image,10102
marker_(medium),9091
graphite_(medium),8732
source_request,7814
bad_twitter_id,7666
symbol_commentary,7322
derivative_work,6705
screencap,6228
silent_comic,6215
3d,6178
duplicate,5119
photo_(medium),5053
2016,5029
check_translation,4954
colored_pencil_(medium),4809
partially_translated,4743
weibo_username,4538
promotional_art,4517
bad_pixiv_id,4307
2017,4226
2koma,4153
seiyuu_connection,4007
2d,3917
photo-referenced,3888
dated_commentary,3860
weapon_request,3614
song_name,3488
unfinished,3469
2015,3457
flower_request,3454
check_commentary,3387
md5_mismatch,3265
photoshop_(medium),3212
digital_media,3138
2021,3126
procreate_(medium),3016
3koma,2875
making-of_available,2837
patreon_username,2761
2023,2727
food_request,2724
2019,2702
clip_studio_paint_(medium),2555
commissioner_upload,2493
wide_image,2448
check_character,2303
instagram_username,2248
pixiv_commission,2223
cropped,2174
photoshop,2161
bad_link,2115
collaboration,2097
incredibly_absurdres,2096
bad_source,2072
background_text,2055
hard_translated,1931
2014,1888
stitched,1865
millipen_(medium),1827
textless_version,1773
corrupted_twitter_file,1754
acrylic_paint_(medium),1671
vector_trace,1634
key_visual,1605
creator_connection,1604
group_name,1600
2013,1481
scan_artifacts,1463
work_in_progress,1378
2012,1344
looping_animation,1270
nib_pen_(medium),1264
mixed_media,1246
russian_text,1213
paid_reward_available,1142
oil_painting_(medium),1080
vehicle_request,1074
textless,1041
self-upload,1024
pixiv_id,1020
fixme,1015
engrish_text,1011
inset,1005
commissioner_name,897
romaji_commentary,890
bleed_through,888
spanish_commentary,881
tumblr_username,879
redrawn,875
third-party_edit,870
resized,865
binding_discoloration,843
annotated,837
ink_(medium),833
archived_source,820
ai-generated,819
ballpoint_pen_(medium),792
painttool_sai_(medium),748
logo_parody,734
poorly_drawn,720
wall_of_text,691
manga,672
pen_(medium),672
poster_(medium),669
alt_text,664
calligraphy_brush_(medium),661
title_parody,653
screenshot_redraw,651
check_artist,637
cel_shading,628
russian_commentary,620
text_only_page,617
2010,602
watercolor_pencil_(medium),601
dakimakura_(medium),593
object_request,591
adversarial_noise,588
1koma,583
blender_(medium),580
facebook_username,577
german_text,519
pastel_(medium),518
microsoft_paint_(medium),516
parody_request,512
making_of,505
2007,476
annotation_request,470
bad_tumblr_id,464
french_text,461
artist_signature,458
thai_commentary,451
digital_media_(artwork),443
ibispaint_(medium),440
2008,439
recurring_image,424
fixed,417
detexted,408
lofter_username,393
calendar_(medium),390
hair_color_connection,390
upscaled,375
2009,374
krita_(medium),370
artist_collaboration,349
album_name,343
bad_drawr_id,337
thai_text,329
engrish_commentary,324
power_connection,321
3d_background,292
comic_cover,288
2006,285
bluesky_username,282
colored_text,280
italian_text,273
ugoira,259
indonesian_commentary,247
reference_photo,246
2010s,245
fan_screaming_at_madison_beer_(meme),245
censored_text,243
medium_request,240
making-of,233
2020s,223
latin_text,223
salt_bae_(meme),217
meme_request,208
lossy-lossless,205
2005,201
mecha_request,198
french_commentary,192
bad_bcy_id,190
1920x1200,174
reference_work,166
twitter_thumbnail_collage,161
2004,159
comic_sans,159
artstation_username,157
medibang_paint_(medium),157
impact_(font),155
comic_panel_redraw,154
german_commentary,152
2000,151
exif_rotation,151
number-only_commentary,149
yotsubato!_pose,147
bad_deviantart_id,142
1:1_aspect_ratio,141
bad_lofter_id,137
animated_png,134
game_character,134
1920x1080,132
gesture_request,130
song_request,129
traditional_chinese_text,129
2003,128
two_soyjaks_pointing_(meme),126
2002,125
portuguese_commentary,122
bcy_username,121
6koma,119
hairstyle_connection,117
pixiv_sample,116
resizing_artifacts,116
drakeposting_(meme),115
large_filesize,115
vietnamese_commentary,115
pixel_text,114
edit,107
papercraft_(medium),106
papyrus_(font),106
black_and_white,104
2001,98
fanbox_username,97
akira_slide,93
cicada_block,92
paper_cutout_(medium),91
paper_(medium),90
series_connection,89
bad_weibo_id,88
manga_panel_redraw,88
ukrainian_text,88
style_request,87
vietnamese_text,87
yamcha_pose_(meme),87
partially_annotated,85
italian_commentary,81
gif_artifacts,78
edited,77
shinji_in_a_chair_(meme),74
thumbnail_surprise,74
mikumikudance_(medium),72
koikatsu_(medium),71
reverse_translation,69
distracted_boyfriend_(meme),68
finnish_text,68
multiple_style_parody,66
no_text,63
source_filmmaker_(medium),62
amiami_(company),61
reversed,61
ai_generated,59
reddit_username,59
gumroad_username,56
prattkeeping,55
recolored,55
akira_movie_poster,54
arabic_text,54
16:9_aspect_ratio,53
woman_yelling_at_cat_(meme),52
youtube_username,52
flipnote_studio_(medium),51
exif_thumbnail_surprise,50
latin_commentary,50
japanese_commentary,49
year_connection,45
zbrush_(medium),43
bilibili_username,42
family_guy_death_pose_(meme),41
prattkeeping_(meme),41
tagalog_text,40
bad_instagram_id,38
three-toned_background,37
4:3_aspect_ratio,36
polish_text,35
naver_username,32
recolor,32
easytoon,31
ukrainian_commentary,31
bad_artstation_id,30
poorly_translated,30
bad_aspect_ratio,28
1:1,27
hashtag_commentary,27
opencanvas_(medium),27
selfie_prank_(meme),27
figure_(medium),25
tiktok_username,24
non-repeating_animation,23
twitch_username,23
greek_commentary,22
vkontakte_username,22
pinyin_text,21
piper_perri_surrounded_(meme),21
woman_yelling_at_cat,21
cleaned,20
second-party_edit,20
check_source,19
flash,19
translation_note,19
hoyolab_username,18
vrchat_(medium),18
bad_nicoseiga_id,17
dotpict_(medium),17
cicada_block_(meme),16
fake_translation,16
pawoo_username,16
9koma,15
knife_cat_(meme),15
mihuashi_username,15
polish_commentary,15
bad_pawoo_id,14
headshop,14
5:4_aspect_ratio,13
bad_mihuashi_id,13
height_connection,13
multiple_3koma,13
turkish_text,13
3:2_aspect_ratio,12
7koma,12
cat_breakdancing_(meme),12
finnish_commentary,12
javanese_commentary,12
plurk_username,12
favorite_(company),11
filipino_text,11
swedish_commentary,11
16:10_aspect_ratio,10
bad_thumbnail,10
morse_code_commentary,10
