game_freak,387367
silver_hair,336802
black_footwear,287365
striped,264485
see-through,160050
uniform,159655
grabbing,145361
plaid,137233
black_headwear,112058
brown_footwear,107753
topless,106025
white_footwear,103860
black_legwear,102213
eyebrows,95689
light_brown_hair,87668
white_headwear,82980
white_legwear,80536
looking_away,65472
red_footwear,64965
ass_grab,59550
multicolored_clothes,58699
alternate_breast_size,56010
red_headwear,41357
blue_footwear,38672
french_braid,36483
multiple_penises,36344
cross-laced_footwear,36066
blue_headwear,35694
breast_hold,35294
light_purple_hair,33264
naruto,31422
light_blue_hair,29871
meme_attire,29727
pink_footwear,27483
arm_grab,26429
red_neckwear,26266
oni_horns,25061
wallpaper,24524
torn_legwear,22080
dark_blue_hair,21912
screencap,21064
green_headwear,20210
brown_headwear,20206
artoria_pendragon_(all),20154
striped_legwear,19602
turret,17909
covering_mouth,17837
habit,17782
black_neckwear,17057
plugsuit,17048
highleg_swimsuit,16694
face,15842
argyle,15181
light,15069
clothes,15065
multicolored_background,14594
purple_footwear,14315
pink_headwear,14234
grey_footwear,13939
wall,13510
pilot_suit,13167
platform_footwear,13102
lace-trimmed_legwear,12926
medium_bangs,12234
bad_tag,12191
tamamo_(fate),12013
purple_headwear,11980
green_footwear,11623
yellow_footwear,11590
blue_neckwear,10901
vehicle,10764
holding_hat,10701
byleth_(fire_emblem),10458
holding_hair,10262
fur,9997
striped_neckwear,9961
starry_background,9755
nail,9479
beige_background,8117
hand_on_head,8095
brown_legwear,8062
saki,8051
visor,7903
mouse,7856
toeless_footwear,7763
diagonal_stripes,7549
grey_headwear,7335
remodel_(kantai_collection),7206
red_legwear,7162
yellow_neckwear,6604
yellow_headwear,6552
superhero,5990
framed,5909
gothic,5897
corrin_(fire_emblem),5862
platinum_blonde_hair,5682
fishnet_legwear,5677
blue_legwear,5648
purple_legwear,5570
multi-strapped_bikini,5334
orange_footwear,5307
drawing,5115
lip_biting,5029
pink_legwear,4841
orange_headwear,4697
coffee_cup,4539
grey_legwear,4536
female,4302
green_neckwear,4302
collaboration,4233
pot,4146
white_neckwear,4092
white_towel,4071
black_wristband,4017
banned_artist,3915
fingers_together,3866
diadem,3817
exercise,3731
lifted_by_another,3718
slime,3655
hair_strand,3649
pink_neckwear,3629
print_legwear,3598
traditional_clothes,3499
tennouji_rina,3465
blade,3459
hand_on_thigh,3378
plaid_neckwear,3238
untied,3185
purple_neckwear,2997
serval_tail,2937
light_green_hair,2928
jet,2916
green_legwear,2913
hand_on_shoulder,2867
a1,2857
lights,2845
frilled_swimsuit,2823
ejaculation_between_breasts,2820
sitting_on_desk,2807
ornament,2733
kanji,2718
pulled_by_another,2715
hand_on_ass,2686
long_ears,2650
dark_green_hair,2607
shower,2534
orange_neckwear,2485
hand_gesture,2479
frilled_legwear,2451
holding_person,2439
oshiro_project,2389
extra,2383
fluffy_hair,2345
brush,2338
head,2272
vertical-striped_legwear,2258
yuuki_makoto,2254
oshiro_project_re,2244
pointy_footwear,2241
alear_(fire_emblem),2205
plaid_headwear,2200
screencap_redraw,2187
reptile,2186
multicolored_footwear,2161
monster_hunter,2140
checkered_neckwear,2134
nike,2069
holding_skirt,2049
gold_armlet,2018
anime_screencap,2005
hand_on_leg,1960
stone,1929
hands_on_ass,1925
holding_head,1922
leafa,1918
tied_up,1889
male,1888
yellow_legwear,1885
jeanne_d'arc_(alter_swimsuit_berserker)_(fate),1865
breast_milk,1862
baton,1785
self_exposure,1759
unworn_footwear,1757
looking_through_legs,1677
abigail_williams_(swimsuit_foreigner)_(fate),1668
hands_on_own_breasts,1667
tan_background,1663
santa_gloves,1605
bardiche,1591
jeanne_d'arc_(swimsuit_archer)_(fate),1564
mod3_(girls'_frontline),1562
bisexual,1550
washing,1550
kero,1547
gold_footwear,1527
multiple_bows,1518
big_breasts,1511
horn,1475
aqua_headwear,1437
twitter_strip_game_(meme),1424
wood,1417
print_neckwear,1411
hashtag_only_commentary,1409
multicolored_headwear,1393
ib,1391
diagonal-striped_neckwear,1387
takasaki_yuu,1385
domination,1383
bookbag,1380
psychic,1366
invisible_man,1358
^o^,1319
annie_leonhardt,1307
white_mage,1286
interior,1277
evil,1267
low_tied_hair,1261
pointy_hat,1248
red_curtains,1245
oil,1240
hands_on_thighs,1216
holding_leg,1203
swinging,1189
facing_up,1178
braided_twintails,1177
tire,1157
hands_together,1155
yuuki_juudai,1143
touhou_lost_word,1121
orange_legwear,1115
tall,1104
retrofit_(azur_lane),1080
multiple_straps,1071
hand_on_penis,1060
machine_pistol,1056
luggage,1049
white_sneakers,1034
holding_footwear,1030
pegasus_knight_uniform_(fire_emblem),1004
white_wristband,984
muzzle,975
pouty_lips,971
toe-point,909
bunny_girl,888
fudou_yuusei,884
beige_shirt,879
red_wristband,876
mousepad,866
mutou_yuugi,856
gawr_gura_(2nd_costume),851
falin_thorden,848
finger_biting,828
minori,820
tomoe_gozen_(swimsuit_saber)_(fate),819
brown_neckwear,811
in_mouth,810
nekomata_okayu_(4th_costume),799
aqua_neckwear,797
ookami_mio_(3rd_costume),791
sessyoin_kiara_(swimsuit_mooncancer),786
shirogane_noel_(3rd_costume),786
bolt,783
kama_(swimsuit_avenger)_(fate),780
laios_thorden,780
straight_shota,779
mole_on_body,778
amane_kanata_(work_outfit),776
covered_pussy,768
scribble,764
grey_neckwear,761
yagyuu_(senran_kagura),749
sakura_miko_(3rd_costume),746
sasha_braus,741
no_legs,734
side-tie_bottom,727
long_jacket,721
sitting_on_bench,721
homunculus,718
holding_tail,714
fume,712
micro_bikini_top,708
cel_shading,707
no_arms,706
see-through_swimsuit,697
fan,690
seat,688
band,672
holding_another's_head,670
gold_collar,661
stance,659
oozora_subaru_(2nd_costume),644
thighs_together,643
white_uniform,643
tired,642
metal,634
tape_on_pussy,634
european_clothes,632
hand_to_own_face,631
pepper,630
hand_on_back,624
holding_scarf,623
hoshimachi_suisei_(3rd_costume),619
chest_armor,617
arm_on_shoulder,614
pink_anus,612
red_tie,608
tristana,608
plug,607
light_beam,597
nekomata_okayu_(3rd_costume),594
ef,587
arm_on_head,584
cub,584
polaroid,583
elite_ii_(arknights),580
einhart_stratos,578
pink_wristband,567
hands_on_legs,555
resident_evil_3,546
beam,544
implied_anal,534
text_censor,534
underwear_pull,533
usada_pekora_(4th_costume),533
case,532
jack_frost,524
offscreen_person,524
kafu,523
hybrid,520
black_mage,519
licking_neck,515
piledriver,512
slave_tattoo,510
jean_kirchstein,505
no_bangs,501
shiny_eyes,494
foo_fighters,490
marcille,473
wrapper,469
ninomae_ina'nis_(2nd_costume),466
multicolored_neckwear,465
fishnet_armwear,464
sister,462
mechanical,460
knot,457
shirakami_fubuki_(3rd_costume),454
kiwame_(touken_ranbu),453
silver_footwear,453
tablet,451
lipstick_on_penis,449
facing_back,446
hundred,443
kl,441
tied,432
board,430
hand_on_another's_penis,429
unhappy,427
relaxing,425
triforce_earrings,417
arisa_bannings,413
bauble,409
upset,409
428,408
black_high_heels,408
green_bracelet,408
hand_on_chest,407
nanashi_mumei_(3rd_costume),407
nipples_visible_through_clothes,405
rarity,401
nipples_visible_through_shirt,398
small_pupils,395
shaft,392
hooded,391
black_lady,385
takanashi_kiara_(2nd_costume),384
shiny_lips,382
screencap_inset,379
marble,378
kiryu_coco_(3rd_costume),377
beige_vest,376
shishiro_botan_(4th_costume),376
under_clothes,374
white_swimsuit,366
sky_high,365
beige_fur,364
mutant,364
polka_dot_neckwear,363
nakiri_ayame_(5th_costume),361
tenochtitlan_(swimsuit_mooncancer)_(fate),358
yellow_bracelet,358
uke_zhongli,354
black_bikini_bottom,348
ushiwakamaru_(swimsuit_assassin)_(fate),347
foreplay,345
brother,344
illyasviel_von_einzbern_(swimsuit_archer),343
sharp_nails,342
finger_in_mouth,333
watson_amelia_(2nd_costume),331
no_thank_you!,329
femboy,328
remodel_(warship_girls_r),327
shirakami_fubuki_(6th_costume),325
chin,324
test,324
trickster,323
imp,322
underskirt,321
white_heart_(neptune),313
choking,312
ouro_kronii_(3rd_costume),312
oozora_subaru_(5th_costume),310
h,309
alien_(movie),308
anon,308
blonde_eyebrows,307
closed_eye,306
partial_penetration,306
curled_tail,304
naruto_shippuden,298
inugami_korone_(4th_costume),297
wolverine,296
blush_visible_through_hair,295
minimized,295
growth,293
ibaraki_douji_(swimsuit_lancer)_(fate),291
peaceful,289
natsuiro_matsuri_(5th_costume),286
scathach_skadi_(swimsuit_ruler)_(fate),284
outdoors_sex,282
sniper,280
ayase_arisa,275
silver_necklace,273
pink_pillow,268
sonya_(fire_emblem),265
loose_neckwear,263
ninomae_ina'nis_(5th_costume),262
pink_bracelet,260
holding_pot,259
himemori_luna_(3rd_costume),258
shigure_ui_(young)_(vtuber),255
the_old_hunters,255
mashiro_(nijisanji),254
katakana,251
tail_biting,251
married,250
thong_aside,250
gacha,247
frilled_neckwear,243
peanuts,241
short_sleeved_jacket,240
shamsiel,235
lavender_dress,234
holding_up,231
big_penis,230
open_m/,230
brooke_(mathias_leth),228
light_stick,228
biting_ear,226
hand_on_neck,226
magenta_eyes,226
predator,225
hiragana,224
valkyrie_police_academy_student_(blue_archive),224
aqua_legwear,222
bumblebee,222
sousou,219
khakis,218
wet_legwear,218
shatter,216
fender,214
cap,210
holding_another's_thighs,210
time,204
chest_cutout,202
gay,201
mileena,201
latex_elbow_gloves,200
deck,199
distress,197
mythology,197
charging,195
leone,194
shigure_ui_(1st_costume)_(vtuber),194
navy,193
beast,191
persian,190
eyemask,189
trail,189
adjusting_neckwear,186
gawr_gura_(3rd_costume),185
c.i.e.l_(fate),183
stand,183
tight_top,183
clip,182
mori_calliope_(6th_costume),182
momosuzu_nene_(2nd_costume),181
caracal_ears,178
watson_amelia_(3rd_costume),178
cup_noodle,177
spongebob_squarepants_(character),177
drain,175
margaret,175
sakura_miko_(4th_costume),173
silver_ring,173
love_lab,172
no_background,171
usada_pekora_(5th_costume),171
pokemon_cafe_mix,170
magenta_background,169
character_snowman,167
marufuji_ryou,167
social_network,167
text_box,167
bikini_top,166
houshou_marine_(3rd_costume),166
paws,164
tsukumo_yuuma,164
english,163
hand_on_breasts,163
feminization,162
spiked,161
firefox,160
slim_legs,160
hand_on_face,159
small_breast,159
venus_park_(umamusume),159
margay_print,158
mori_calliope_(3rd_costume),158
taker_pov,158
ears_back,157
timeskip,157
dangling,156
button,154
inside_clothes,154
nekomata_okayu_(6th_costume),154
sakurakouji_kinako,152
tie,152
yellow_crop_top,152
caress,150
hand_on_stomach,150
white_high_heels,149
blue_heart,148
nipple_erection,148
shirakami_fubuki_(7th_costume),146
team,145
hands_on_own_crotch,144
lavender_shirt,144
two-tone_neckwear,144
console,143
open_arms,142
wario_land_shake_it,142
dosanko_gyaru_wa_namaramenkoi,138
dark_matter,137
sliced,137
black_beanie,136
ashley_graves_(the_coffin_of_andy_and_leyley),135
decapitated,135
timer,135
cheating,134
crystal_horn,134
javelin,134
dark_red_hair,133
pink_top,133
head_under_clothes,132
1boy1girl,130
crystal_necklace,130
seaside,130
victory,130
pururun,129
stirrups,129
large_feet,128
garters,126
marco_bodt,126
omaru_polka_(3rd_costume),126
kratos,125
yukihana_lamy_(4th_costume),125
light_brown_eyes,124
sonia_(fire_emblem),124
touching_ears,124
agrius_metamorphosis,123
shining,123
legs_grab,122
tin_can,122
bikini_aside,121
medb_(swimsuit_saber)_(fate),121
camera_lens,120
holiday,120
theresa_apocalypse_(sakura_rondo),120
lavender_panties,119
slit,119
star,119
daitou_academy_school_uniform,118
light_blue_eyes,117
post,116
sakura,116
vert_(neptune_series),115
queen_of_spades,114
black_eyebrows,113
engagement_ring,113
skinny_jeans,113
demon_slayer,111
frontbend,111
pink_eyebrows,111
self_harm,111
covered_nipples,110
pink_high_heels,110
aliens,109
yoshida_yuki,109
hands,108
insertion,107
puffed_cheeks,107
watery_eyes,106
italian_senate_hack_(meme),105
sharon,104
toddlercon,104
toeless_socks,104
black_bodystocking,103
tinkerbell,103
gradient_neckwear,101
boss,100
licking_ass,100
pawnchessmon_(white),100
uncomfortable,100
offscreen_male,99
tan_sweater,99
red_uniform,98
saitou_nicole,97
two-tone,97
bending,96
lynx_ears,96
poster,96
scanner,96
tan_shirt,96
biting_hand,95
takanashi_kiara_(3rd_costume),95
natsuiro_matsuri_(6th_costume),93
religion,93
squirting,93
full,92
yellow_clouds,92
heart_ring,91
hot_spring,91
naked_footwear,91
power,91
cutout,90
anal_stretching,89
empty,89
yellow_heart_(neptune),89
hands_on_penis,88
marufuji_shou,88
karaage,86
trigger,86
fujiki_yuusaku,85
gareth_(swimsuit_saber)_(fate),85
history,85
lavender_skirt,85
pee_puddle,85
buttcheeks,84
eyeless_male,84
eyepiece,84
muscle,84
store,84
amor,83
black_tie,83
black_top,83
kiryuu_kyousuke,83
ninomae_ina'nis_(3rd_costume),83
grip,82
red_pillow,82
preview,81
ancient,80
future,80
huge_areola,80
yellow_swimsuit,80
father_and_child,79
hazel_eyes,79
presenting_penis,79
red_lipstick_tube,79
schoolgirl,78
blue_high_heels,77
bunches,77
tiny,77
wisp,77
calves,76
hakos_baelz_(3rd_costume),76
raven,76
akai_haato_(2nd_costume),75
folklore,75
landmark,75
raised_arm,75
rapidmon_perfect,75
amane_kanata_(6th_costume),74
fake_animal_tail,74
open_suit,74
pawnchessmon_(black),74
bar,73
holding_ass,73
hand_on_arm,72
la+_darknesss_(3rd_costume),72
scythe_(cibastion),72
striped_underwear,72
tsunomaki_watame_(5th_costume),72
belt_choker,71
on_blanket,71
white_top,71
chico,69
shigure_ui_(2nd_costume)_(vtuber),69
colored,68
desperation,68
mounting,68
shirt_over_dress,68
shoe_strap,68
worship,68
cumming,67
sleeve,67
white_lingerie,67
bat,66
bats,66
character_counter_request,66
chuuou_academy_school_uniform,66
licking_tail,66
musk,66
rapidmon_armor,66
straddle,66
korean,65
lynx_girl,65
no_horn,65
station,65
winter_hat,65
angry_sex,64
blender,64
no_underwear,64
prairie_dog_ears,64
virgin_male,64
bikini_bottom,63
brown_eyebrows,63
bare_midriff,62
snow_white:_innocent_days_(nikke),62
elbow_gauntlets,61
exposed_clitoris,61
green_highlights,61
ookami_mio_(6th_costume),61
sieglinde_jeremiah,61
clear,60
holding_face,60
syake_(wadanohara),60
lavender_background,59
neck_collar,59
orange_towel,59
wash,59
aki_rosenthal_(2nd_costume),58
_hair,57
boyshorts,57
kouga,57
red_thong,57
spread,57
hair_grab,56
himemori_luna_(5th_costume),56
japanese,56
purple_high_heels,56
satan,56
suggestive_look,56
focus,55
forced_exposure,55
marriage,55
shigure_ui_(4th_costume)_(vtuber),55
transforming,55
lancelot,54
shiny_pantyhose,54
tail_in_mouth,54
tearing_paper,54
uni_(neptune_series),54
biscuit,53
fumes,53
satisfied,53
swimsuit_tan,53
thrusting,53
2boy,52
arrow,52
black_and_white,52
covering_eyes,52
fujisaki_aya,52
msucle,52
teal_hair,52
face_mark,51
nylons,51
overflow,51
pan,51
yellow_eye,51
bikini_lift,50
soryu_asuka_langley,50
star_eyes,50
tapping,50
prairie_dog_girl,49
retro,49
shiny_hair,49
silver-hair,49
space_pirate,49
tan_skirt,49
tatto,49
arm_pull,48
dotartnsfw,48
in_bed,48
pleasuring,48
recliner,48
taped_pussy,48
biting_finger,47
heart_eyes,47
lynx_tail,47
tatoo,47
biker,46
comfy,46
grey_eyebrows,46
manga,46
sirina,46
tav_(baldur's_gate_3),46
arm_length_gloves,45
barrett,45
beheaded,45
kim_(mathias_leth),45
sleeved_gloves,45
white_underwear,45
holding_nose,44
looking_around,44
no_capelet,44
the_emperor_(baldur's_gate_3),44
voyeur,44
yellow_pillow,44
pyramid,43
etihw_(haiiro_teien),42
grey-framed_glasses,42
hips,42
holidays,42
kcalb_(haiiro_teien),42
kneading,42
pregnant_sex,42
resisting,42
sabre,42
character_design,41
dark_eyes,41
long_nails,41
maigo_no_te_o_hiku_sono_saki_wa_(project_sekai),41
married_woman,41
pokemon_(game),41
arabic_commentary,40
athletic_female,40
black_blazer,40
blue_top,40
bunny_outfit,40
cleveage,40
isagi_youichi,40
mogeko_(mogeko_castle),40
rubbing_pussy,40
stars,40
sucking,40
xenoblade_chronicles,40
yuzuki_choco_(6th_costume),40
1boys,39
calligraphy_pen_(medium),39
chantez_arpinion,39
cut,39
mom,39
small_penis_adoration,39
upper,39
bit,38
bootycheeks,38
brunette_hair,38
excited_face,38
gripping_sheet,38
multiple_blowjob,38
sight,38
slice,38
steel,38
thong_swimsuit,38
trunk,38
unseen_male,38
1,37
amy_limiette,37
beasts,37
black_uniform,37
foot_on_chest,37
glaze_protected_image,37
honeycomb,37
naked_dress,37
notice,37
red_blazer,37
student,37
6girls,36
amber_eyes,36
closing_eyes,36
featureless_crotch,36
fingering_self,36
hoyoverse,36
no_cloak,36
pubic,36
red_top,36
removing,36
screencap_background,36
shame,36
type_90_kyu-maru,36
white_heart,36
whore,36
yozora_mel_(7th_costume),36
///,35
black_swimsuit,35
blow,35
denial,35
hyakumantenbara_salome_(2nd_costume),35
implied_orgasm,35
leaning_over,35
lovers,35
sitting_on_bed,35
waist,35
beige_bikini,34
hands_on_cheeks,34
high,34
junpaku_no_anata_e_chikai_no_uta_o!_(project_sekai),34
lost,34
master_and_servant,34
sugar,34
alternate_uniform,33
birthday_celebration,33
cg,33
climax,33
color_request,33
comfort,33
hand_on_belly,33
impossible_skirt,33
inugami_korone_(6th_costume),33
lavender_footwear,33
pregnant_female,33
purple_eye,33
slut,33
teen,33
thunderbird,33
arthropod,32
blue_tie,32
breast-to-breast,32
hand_covering_mouth,32
head_rub,32
humanized,32
lucifer,32
ness,32
son,32
stocking,32
swimsuit_pull,32
trolley,32
vicky_(fop),32
waifu,32
yukihana_lamy_(3rd_costume),32
aki_rosenthal_(5th_costume),31
blue_eye,31
blush_visible_through_hands,31
bridal_gloves,31
character_portrait,31
der_freischuetz_(lobotomy_corporation),31
girly,31
loud,31
mashup,31
murdered,31
sample,31
smelly_armpits,31
stina_(mathias_leth),31
sweaty_breasts,31
tree_bark,31
bun,30
looking_back_at_viewer,30
neckwear,30
plushophilia,30
siting,30
thriller,30
tree_trunk,30
wristwear,30
zelda_(breath_of_the_wild),30
akuru-chan,29
barbecue,29
bbw,29
bimbo,29
boruto,29
fist,29
foot_on_breast,29
kawaii,29
prairie_dog_tail,29
shiny_skirt,29
shoot,29
short_hiar,29
slave_leia_(cosplay),29
straight_sex,29
white_elbow_gloves,29
wrist_bracelet,29
ø,29
anya_melfissa_(2nd_costume),28
black_underwear,28
blood_on_penis,28
bodies,28
bursting,28
caressing,28
cowgirl,28
dripping_cum,28
eyelashes_visible_through_hair,28
japanese_language,28
koushou_academy_school_uniform,28
kureiji_ollie_(2nd_costume),28
latina,28
male_solo,28
narrow_hips,28
opening_eyes,28
pavolia_reine_(2nd_costume),28
purple_top,28
purple_underwear,28
rope_bondage,28
schoolgirls,28
shadow_censor,28
sitting_on_penis,28
songstress,28
thigh_high_socks,28
uss_enterprise,28
athletic,27
captain,27
cham22,27
christmas_outfit,27
ivlis_(haiiro_teien),27
large,27
prostitute,27
red_eyewear,27
spotted,27
strip_club,27
stroking,27
teal_eyes,27
thick_cum,27
two-tone_wristband,27
16:9,26
anal_gape,26
bare_chest,26
desu,26
foot_on_ass,26
lu,26
polka_dot_headband,26
roll,26
spiky_hair,26
thea_(mathias_leth),26
uncensured,26
yosafire_(haiiro_teien),26
yurika_a_lutwidge,26
zelda_(a_link_between_worlds),26
breast_squish,25
forced_oral,25
mei_(library_of_ruina),25
nami,25
pale_background,25
pink_crop_top,25
pioneer,25
sex_in_skirt,25
shirt_only,25
tights,25
tongue_kiss,25
young_boy,25
zelda_(tears_of_the_kingdom),25
1woman,24
before_sex,24
black_penis,24
black_stockings,24
blood_from_vagina,24
carrying_partner,24
collared,24
commando,24
father,24
freckles_on_face,24
laying,24
legless,24
lunch,24
natsuiro_matsuri_(8th_costume),24
public_urination,24
pure_white_devil_(succubus_prison),24
red_swimsuit,24
spiky,24
squirt,24
star_background,24
swimwear,24
yellow_high_heels,24
amused,23
double_fellatio,23
drooling_blood,23
floatation_devices,23
hair_over_ass,23
lifted_shirt,23
naima_(usseewa),23
neko,23
pascal_(nier:automata),23
red_high_heels,23
shirtless,23
tucking,23
ashes_of_ariandel,22
belt_feed,22
cpu_(neptunia),22
cum_dripping,22
cum_in_uterus,22
grabbing_penis,22
kaela_kovalskia_(3rd_costume),22
large_arm,22
multicolored,22
purple_pillow,22
reficul_(haiiro_teien),22
rubbing_breasts,22
sailor_senshi_costume,22
sitting_on_chair,22
starman,22
study_(room),22
tsukino_mito_(18th_costume),22
tuft,22
black_crop_top,21
breast_grab,21
bum,21
cum_in_anus,21
fukami_(wadanohara),21
green_pillow,21
large_butt,21
large_penetration,21
long_socks,21
mouth_gag,21
one_leg_up,21
open,21
paw,21
pink_thong,21
prone_position,21
shaved,21
side,21
small_waist,21
thin_eyebrows,21
tv,21
valentin_(project_moon),21
1_girl,20
"1girl,",20
adult,20
akiyama_ryou,20
bedding,20
black_heart_(neptune),20
breasts_grab,20
butterfly_boy,20
cg_art,20
cg_set,20
edits,20
family_sex,20
froze_(haiiro_teien),20
gay_sex,20
green_hairclip,20
joke,20
kousaka_honoka's_mother,20
loves,20
night_elf,20
no_pubic_hair,20
painting,20
pussy_steam,20
rubbing_stomach,20
side_boob,20
skimpy,20
sloppy_blowjob,20
slut_shirt,20
useless_clothing,20
bluhs,19
cum_in_breasts,19
cursed_m4a1,19
dakimakura_design,19
ginger_hair,19
gladiatrix,19
green_tie,19
hands-free,19
headphone,19
huge_bowtie,19
pointless_clothes,19
resna_sternenricht,19
round,19
rubbing_clitoris,19
saliva_trail_between_teeth,19
showing,19
socks_over_kneehighs,19
useless_clothes,19
a,18
abigail_williams_(cook_heart)_(fate),18
animal_connection,18
aqua_eyebrows,18
arms_tied_behind_back,18
athlete,18
bbc,18
black_thong,18
blue_swimsuit,18
cum_between_breasts,18
double,18
empress,18
female_abs,18
green_high_heels,18
groping_breasts,18
guren_seiten,18
jean,18
offscreen_character,18
open_pussy,18
orange_high_heels,18
partially_nude,18
passionate,18
pointless_clothing,18
rabbit-ear_hood,18
rocma_(ice_scream),18
sakura_miko_(7th_costume),18
samekichi_(wadanohara),18
swear,18
tatsumiya_(wadanohara),18
to,18
top,18
waist_belt,18
3finger_hand,17
assjob,17
bottom_up_top_down,17
breats,17
brown_curtains,17
ears_touching,17
elizabeth,17
exposed_parts,17
femboy_on_female,17
hair_black,17
hinata_hyuuga,17
holding_breast,17
horny_female,17
laced_boots,17
large_areola,17
laying_in_bed,17
lipstick_on_testicles,17
lobco_(wadanohara),17
looking_behind,17
machine_translated,17
marcille_donato_(dungeon_lord),17
medium,17
mosaic_censorship,17
mouth,17
plushie,17
purple_swimsuit,17
purple_tie,17
sankyouin_academy_school_uniform,17
seifuku,17
side_veiw,17
skimpy_clothes,17
thigh_cleavage,17
thighs_grab,17
ultraviolet,17
up,17
wires,17
yoshikawa_yuki,17
beautiful,16
big-breasts,16
blur,16
breast_out,16
checkered,16
f-15j_eagle,16
fishnet_stockings,16
gilf,16
goslingposting,16
hand_on_butt,16
hands_under_clothing,16
hip,16
hyper,16
imminent_oral,16
older_woman,16
om,16
pearl,16
pelvic_thrust,16
remodel_(girls_frontline),16
rings,16
salvia,16
sea_creature,16
slave_collar,16
suspended,16
arm_gloves,15
backview,15
ball_sucking,15
bedsheet,15
brown_pillow,15
close_eyes,15
close_up,15
cum_inside_pussy,15
erica,15
etna,15
feminine_male,15
fetish,15
first_person_view,15
half-dressed,15
hands_behind_back,15
imminent_threesome,15
inner_ear_fluff,15
iowa,15
loving_it,15
onigiri_(1st_costume)_(vtuber),15
only,15
orchidseed,15
outdoor_nudity,15
pipe,15
red_glasses,15
render,15
shaped_pupils,15
squish,15
strangle_mark,15
sunny,15
weight_machine,15
white_moon,15
wife,15
8girls,14
alien_girl,14
anal_orgasm,14
arms_out,14
awp_(girls_frontline),14
blue_underwear,14
botomless,14
bovine,14
butt_cheeks,14
closeup,14
completely,14
cum_on_head,14
cute_girl,14
disgusted,14
flat,14
flying_hair,14
grab_sheets,14
grey_wall,14
gulping,14
half-sisters,14
heart_cleavage_cutout,14
holding_partner,14
hung_shota,14
magazine,14
male_sub,14
monster_rape,14
rolled_up_sleeves,14
sakamaki_chizuko,14
sakura_haruno,14
scalie,14
smegma_in_mouth,14
smelly,14
solo_futa,14
submissive_male,14
through,14
toad,14
toushin_toshi_girl's_gift,14
triple_persona,14
twintail,14
ahegao_face,13
ass_on_face,13
black_heels,13
black_leather,13
blue_uniform,13
bow_ribbon,13
cattleya,13
christmas_clothing,13
claw,13
clevage,13
"eyes,",13
eyes_open,13
faceless_character,13
from_ground,13
geega_(underworld_casual)_(vtuber),13
girls_on_top,13
green_eyebrows,13
heter,13
holding_parasol,13
hylian,13
in,13
magenta_hair,13
marron,13
naked_apron_female_and_nude_male,13
niples,13
no_clothes,13
panties_pull,13
penis_lick,13
pico,13
predators,13
stand_and_carry_position,13
tails,13
transparent_clothes,13
walk_in,13
warner_brothers,13
white_gown,13
1guy,12
alela_grora,12
ass_cheeks,12
blish,12
bottom_neuvillette,12
canon,12
caught_in_the_act,12
cheating_husband,12
condom_balloon,12
corrin_(fire_emblem)_(female),12
crotch_tattoo,12
dark_blue_dress,12
dildo_in_ass,12
ejaculation_while_penetrated,12
enormous_breasts,12
eyes_rolled_back,12
fluffy_ears,12
from_back,12
full_nelson_vaginal,12
grasping_sheets,12
gray_skin,12
hardcore,12
heel_boots,12
houkago,12
juri_han,12
lavender_shorts,12
man,12
manhwa,12
massive,12
medium_breast,12
milk_spray,12
multiple,12
mutou_sugoroku,12
nipple_play,12
number_five,12
one_eye_open,12
outdoor_sex,12
pantyshot_(sitting),12
pawg,12
picture,12
pink_tie,12
plump_ass,12
pupils,12
purple_heart_(neptune),12
shades,12
shirt_unbuttoned,12
sidelock,12
slutty_clothes,12
small_dom_big_sub,12
squirming,12
straps,12
super_smash_bros._ultimate,12
suzuki_aina,12
tease,12
textless,12
violet_eyes,12
visible,12
3girl,11
anime_girl,11
arm_sleeves,11
astelle,11
bald_female,11
body_tattoo,11
bulldog_position,11
captured_alien,11
costume_change,11
dripping_pussy,11
english_dialogue,11
erect_male_nipples,11
flashing_breasts,11
furry_loli,11
gaped_anus,11
grope,11
handwear,11
hidden,11
houso,11
imminent_impregnation,11
jpeg,11
legs_bound,11
mai_shiranui,11
nave,11
old_(wadanohara),11
open-mouth_smile,11
open_mouth_smile,11
outercourse,11
pants_around_thighs,11
photography,11
playstation,11
rapist_pov,11
rat_ears,11
shirogane_(ice_scream),11
short-hair,11
slaves,11
speech,11
star_pupils,11
sucking_tail,11
tight_pussy,11
white_crop_top,11
white_hair_ornament,11
widescreen,11
windows,11
woman,11
yellow_wollywog,11
youtuber,11
animal_vagina,10
arms_held_back,10
ashamed,10
ass_to_ass,10
astaroth_(mon-musu_quest:_paradox),10
barely_clothed,10
big_cock,10
black_armwear,10
boxtie,10
bunny_boy,10
cryborg,10
cum_on_desk,10
dipstick_tail,10
doggy_style_position,10
domestic_dog,10
ejaculating_cum,10
feet_on_face,10
fluids,10
full_nelson_anal,10
gray,10
half_closed_eyes,10
heart_shaped_pupils,10
holding_breasts,10
impossible_fit,10
impregnation_risk,10
itsuka_senaka_awase_no_lyric_o_(project_sekai),10
kurando,10
large_boobs,10
lighting,10
line_art,10
lipstick_on_chest,10
magenta-framed_eyewear,10
making_out,10
male_on_top,10
manakete,10
mistress,10
morrigan_(mon-musu_quest:_paradox),10
naughty,10
ninja_clothes,10
nude_ass,10
onigiri_(summer)_(vtuber),10
pigtail,10
polka_dot_heart,10
popped_balloon,10
porn,10
r,10
red_face,10
scare,10
sheep_(wadanohara),10
shiny_clothing,10
six_pack,10
soxciao,10
spanked_butt,10
spongebob_squarepants_(character)_(cosplay),10
two_tone_body,10
vaginal_juice,10
vaginal_stimulation,10
white_pillow,10
white_short,10
