highres,6964838
absurdres,2408697
commentary_request,1492887
commentary,863923
bad_id,838391
bad_pixiv_id,700004
translation_request,607785
official_art,394781
english_commentary,331992
tagme,327099
artist_request,265936
game_cg,210098
commission,202321
translated,165087
chinese_commentary,126648
character_request,126606
lowres,120229
bad_twitter_id,107427
non-web_source,97367
traditional_media,96328
symbol-only_commentary,77593
variant_set,73274
copyright_request,70599
skeb_commission,67873
third-party_edit,67746
scan,66604
revision,64552
paid_reward_available,63580
second-party_source,47541
korean_commentary,47076
source_request,41160
md5_mismatch,39739
huge_filesize,34844
spoilers,34229
pixiv_commission,30307
third-party_source,29247
large_variant_set,27677
mixed-language_commentary,27496
hashtag-only_commentary,26459
painting_(medium),23411
partial_commentary,23267
jpeg_artifacts,22318
resolution_mismatch,21138
long_image,19468
gender_request,17845
watercolor_(medium),17311
textless_version,17287
image_sample,15072
self-upload,14147
derivative_work,13424
tall_image,13366
unfinished,13292
stitched,13249
marker_(medium),13215
animated,13153
animated_gif,12353
duplicate,12273
resized,11672
nude_filter,11358
source_smaller,10813
colorized,10754
photo_(medium),10661
1980s_(style),10263
graphite_(medium),10196
commissioner_upload,10000
bad_tumblr_id,9683
pixiv_sample,9371
photoshop_(medium),9174
source_larger,8939
hard-translated,8792
promotional_art,8440
concept_art,8388
official_wallpaper,7618
novel_illustration,7265
photo-referenced,7110
check_translation,7060
partially_translated,6653
cropped,6555
inactive_account,6002
colored_pencil_(medium),5946
making-of_available,5830
check_commentary,5662
wide_image,5538
corrupted_twitter_file,5216
has_bad_revision,5097
bad_source,5053
clothing_request,4699
bad_link,4685
weapon_request,4653
bad_nicoseiga_id,4611
clip_studio_paint_(medium),4478
check_copyright,4340
flower_request,4231
check_character,4128
procreate_(medium),4035
has_uncensored_version,3948
incredibly_absurdres,3784
pixel-perfect_duplicate,3620
artbook,3584
magazine_scan,3507
food_request,3289
decensored,3140
vector_trace,3064
anime_screenshot,3003
ai-assisted,2810
aliasing,2732
scan_artifacts,2729
headwear_request,2529
bad_deviantart_id,2478
millipen_(medium),2445
protected_link,2427
key_visual,2238
upscaled,2221
redrawn,2198
has_censored_revision,2122
bad_drawr_id,2039
acrylic_paint_(medium),2029
ai-generated,1944
adversarial_noise,1875
neckwear_request,1849
mixed_media,1765
alt_text,1713
looping_animation,1558
has_downscaled_revision,1523
annotated,1516
paid_reward,1490
nib_pen_(medium),1473
twitter_sample,1462
cosplay_photo,1451
alpha_transparency,1424
taimanin_asagi_battle_arena_all_card_gallery,1405
check_artist,1404
archived_source,1354
vehicle_request,1267
oil_painting_(medium),1224
bad_nijie_id,1221
painttool_sai_(medium),1181
artist_collaboration,1170
bad_perspective,1107
webp-to-png_conversion,1073
detexted,1057
screenshot_redraw,1045
end_card,1021
cleaned,1010
bilingual_commentary,963
ballpoint_pen_(medium),930
ink_(medium),908
waifu2x,878
alternate_language,866
fanbox_reward,849
koikatsu_(medium),830
object_request,827
blender_(medium),826
microsoft_paint_(medium),824
pen_(medium),822
cosplay_request,815
calligraphy_brush_(medium),792
watercolor_pencil_(medium),765
vgen_commission,730
ibispaint_(medium),720
merchandise_available,717
parody_request,717
annotation_request,693
pastel_(medium),684
unconventional_media,675
animal_request,581
bmp-to-png_conversion,581
bad_yandere_id,574
costume_request,559
lossy-lossless,529
engrish_commentary,511
comic_cover,493
corrupted_metadata,490
krita_(medium),459
making-of,448
tumblr_sample,434
instrument_request,430
psd_available,421
rotated,419
check_clothing,392
hairstyle_request,378
reference_photo,374
card_(r),366
video_thumbnail,365
phone_wallpaper,348
extraction,341
reference_work,341
masking_tape_(medium),315
source_filmmaker_(medium),308
fish_request,297
downscaled,281
bird_request,280
medium_request,276
color_ink_(medium),261
manga_panel_redraw,248
bad_instagram_id,245
plant_request,243
bad_bcy_id,234
tegaki_draw_and_tweet,223
card_(ur),209
check_gender,209
bad_lofter_id,207
pose_request,207
medibang_paint_(medium),204
reference_request,200
mecha_request,197
portuguese_commentary,194
card_(hr),190
recolor,186
bad_weibo_id,178
reversed,177
gesture_request,174
glaze_artifacts,172
get,164
gouache_(medium),164
animal_ear_request,162
fixed,162
art_trade,160
multilingual_commentary,155
panorama,153
papercraft_(medium),152
recolored,151
crayon_(medium),148
song_request,147
has_cropped_revision,146
footwear_request,145
hard-translated_(non-english),145
card_(ex-sr),144
aircraft_request,138
character_check,137
bad_tinami_id,136
ko-fi_commission,133
partially_annotated,130
card_(orange-r),126
contest_winner,123
mikumikudance_(medium),120
canvas_(medium),117
check_weapon,117
live2d,117
location_request,115
photoshop,115
deviantart_sample,114
card_(sr),105
model_request,105
dog_request,104
score,104
style_request,104
sound,103
thumbnail_surprise,102
animated_png,101
video,100
yandere_sample,99
hair_ornament_request,96
paper_cutout_(medium),96
ugoira,96
maya_(medium),87
brush_(medium),81
collaboration_request,79
magazine_request,79
off-topic,72
video_game_cover_redraw,71
bad_cghub_id,68
bad_poipiku_id,67
e-hentai_sample,67
exif_thumbnail_surprise,66
charcoal_(medium),63
bad_aspect_ratio,62
pattern_request,62
viral_marketing,61
book_cover_redraw,60
gun_request,60
poorly_translated,58
airbrush_(medium),57
has_watermarked_revision,56
twitter_banner,56
zbrush_(medium),55
bad_fanbox_id,54
bad_google+_id,54
figure_available,54
patreon_reward,53
check_flower,52
check_source,51
bad_pawoo_id,49
flash,49
ova,49
opencanvas_(medium),48
imageboard_sample,47
check_food,44
gif_artifacts,44
acrylic_gouache_(medium),43
print_(medium),40
vrchat_(medium),40
bad_imgur_id,39
coupy_pencil_(medium),39
corrupted_file,38
source_mismatch,37
bad_misskey.io_id,35
check_vehicle,35
audible_music,34
bad_artstation_id,33
artstation_sample,32
bad_baraag_id,32
bad_e-hentai_id,32
broken_thumbnail,32
gimp_(medium),32
has_lossy_revision,31
bad_dropbox_id,30
replaceme,30
lego_(medium),29
stable_diffusion,28
audible_speech,27
check_animal,27
comic_cover_redraw,26
fantia_reward,26
latte_art_(medium),26
matt_groening_(style),26
food_art_(medium),25
art_fight_attack,24
garage_kit_(medium),24
bad_artstreet_id,23
itou_junji_(style),23
open_in_internet_explorer,23
scan_dust,23
bad_furaffinity_id,22
card_(lr),22
whiteboard_(medium),22
bad_fantia_id,21
flipnote_studio_(medium),21
gracg_sample,20
azpainter_(medium),19
check_medium,19
epilepsy_warning,19
mihuashi_commission,19
reverse_translation,19
mod,17
third_party_edit,17
xnalara_(medium),17
bad_hentai-foundry_id,16
clay_(medium),16
print_request,16
bad_vkontakte_id,15
fudepen_(medium),15
bad_mihuashi_id,14
reddit_sample,14
bad_cgsociety_id,13
bad_miiverse_id,13
mihuashi_sample,13
screencap_(anime),13
bad_newgrounds_id,12
hentai_music_video,12
sprite_redraw,12
swapnote_(medium),12
bad_fandom_id,11
pdf_available,11
bad_bluesky_id,10
bad_inkbunny_id,10
bad_photoshop,10
unreal_engine_(medium),10
danbooru_sample,9
gumroad_reward,9
logo_request,9
pixiv_banner,9
slideshow_animation,9
soft_color,9
stereoscopic,9
video_available,9
zbrush,9
bad_reddit_id,8
chalk_(medium),8
fake_translation,8
modo_(medium),8
actress_request,7
bad_picasa_id,7
bad_skeb_id,7
embroidery_(medium),7
nicoseiga_sample,7
sankaku_sample,7
bad_behance_id,6
bad_bilibili_id,6
bad_edit,6
bad_facebook_id,6
fan_game,6
graffiti_(medium),6
has_artifacted_revision,6
has_glazed_revision,6
insect_request,6
bad_foundation_id,5
bad_pillowfort_id,5
check_annotation,5
patreon_sample,5
bad_blogspot_id,4
bad_patreon_id,4
bad_pinterest_id,4
check_pixiv_source,4
hybrid_animation,4
minecraft_(medium),4
solid_censor,4
webp-to-jpg_conversion,4
bad_booth_id,3
bad_naver_id,3
english_audio,3
model_kit_(medium),3
nai_diffusion,3
photo_reference,3
roulette_animation,3
solid_color_thumbnail,3
stained_glass_(medium),3
stop_motion_animation,3
underwear_request,3
3d_printing_(medium),2
amigurumi_(medium),2
enty_reward,2
felt_(medium),2
fixme,2
g-pen_(medium),2
open_in_winamp,2
origami_(medium),2
picarto_sample,2
third-party_extraction,2
volume_warning,2
bad_arca.live_id,1
bad_drawtwit_id,1
bad_stash_id,1
bad_superrare_id,1
bad_youtube_id,1
corel_painter_(medium),1
diorama_(medium),1
flower_check,1
google_sketchup_(medium),1
has_adversarial_noise_revision,1
hdr,1
iphone_notes_(medium),1
leaf_(medium),1
near_monochrome,1
poorly_stitched,1
tempera_(medium),1
